8.14650548541103,0.00479736034053152,0.0116510365207542,0.174494214708114,0.105557820817314,0.0698000087903147,0.0671310324617311,0.194473410193334,0.0208470822816695,0.0238534053706408,0.0367392414374278,0.277089546450373,1.48079316263831,0.00117514147526315,0.0289735586526238,0.00433763332963894,0.00135825046290046,6.12088227521245,0.43151307687113,0.000875508410257731,0.00335933521031076,0.0145511142126263,0.00117021407743649,0.0225906854064629,0.00368035619036168,0.00952068470198205,0.0130944423325875,0.00223526065282989,0.720904697948481,0.172320101907585,0.00209433239496758,0.00257164864255638,0.00137258790543359,0.766274039380666,0.0202436234349998,0.00269716204722639,0.0240291798428311,0,0.00250269845911328,0.00102316956252252,0,0.00254751635781109,0.00134887812663553,0.00529756032102858,0.000555950234552561,0.196793528700831,0.00300804843647825,0.00285018864122961,0.0664528152137822,0.00349822180944065,0,0,0.00835000400121218,0.000839353765174194,0,0.000715244366509277,0.0415160150927739
9.51195980064234,0.00164777744884719,0.139456344649903,0.269880934908864,0.164691368407501,0.0764407811762306,0.0868749205848804,0.184593687601518,0.0332932759538,0.0154508213479777,0.0474778525857253,0.359520767324809,0.708608700018106,0.00184061261665703,0.0275999393204632,0.00292427267805189,0,6.3478781079713,0.35892341862113,0.00119058924516876,0.00331497004196524,0.0137923995578017,0,0.00642406502211012,0.0407295690642895,0.0334599545890133,0.0105597608895241,0.00250671276327537,1.51331431653943,0.12934299601513,0.00187769464865128,0.00347714095782402,0.00134654997724915,0.621871828045046,0.0631019092371466,0.00259626604420145,0.0137594211525476,0,0.00115784449512035,0.0021949113691658,0,0.00326016844738085,0.00197430492947237,0.00979473173354777,0.00201881399832196,0.197984095054741,0.00300628696813851,0.00317679419885805,0.193804643957884,0.00226423730234343,0.000674834665966351,0.000765647488890835,0.00541466200141339,0.00170734420920802,0.000583921784665861,0.00436870922745505,0.0855222571801035
7.97590051538187,0.00380212100975924,0.00539388721196411,0.2235150693214,0.14991511596849,0.0696625366901461,0.073938914458788,0.146387032164785,0.0230383142606327,0.00809440904405997,0.038066264924117,0.314904235578871,0.912477694814497,0.00112580246137559,0.0334277524448459,0.00259865605255208,0,6.24155564506555,0.270361325380303,0.00127728504558393,0.0031891122429145,0.0165603805968515,0,0.00612088328726968,0.0103788773593703,0.00243418924684017,0.01036636039451,0.00199112614664552,1.06770014262237,0.136083750443061,0.00158126541193447,0.00528110403663326,0.00295746512709299,0.451825694777892,0.0101732795010778,0.00219261259454453,0.00942034865277687,0,0.00378973190652508,0.000885524848135057,0,0.00238099419982747,0.00116500503724643,0.0082697972067368,0.000408638841218071,0.104528089289287,0.00209515365783093,0.00152382502126077,0.135362472815017,0.00138811126918069,0.000543112225131413,0.000995004043981081,0.00620056968523479,0.00085726057787536,0,0.00237451484926336,0.0735176938452425
7.80065937105458,0.00192198118837349,0.0396412274301729,0.237908702186635,0.154729101755788,0.0704939699388231,0.0690359070556827,0.205089483566886,0.0270813013148472,0.00690042699925337,0.0468412928284648,0.282705456156825,0.898720953623548,0.00125679697980678,0.0333753126473422,0.00402481241616193,0,5.67816160200523,0.299484508036446,0.000957788151264951,0.00423702870308721,0.0131345027374109,0,0.0085969617238091,0.0383148299951964,0.00914261488888614,0.00961616798840836,0.0011240575274779,1.21351425772887,0.196265807444343,0.00236009710477754,0.00604855755055498,0.00205149156829861,0.39139751708661,0.018342073193822,0.00177700415760993,0.0067789572985125,0.00154515962014165,0.0011397371832075,0.000679908794829365,0.000940317972518687,0.00294900456836659,0.00195286352246046,0.0069803276141871,0.00147853138673286,0.162797571900921,0.00297136698548757,0.00234941790839876,0.147456919168565,0.00419756393468066,0.000302873354699973,0.000934798547914785,0.00615937691384403,0.0032183010260149,0.00043912805347013,0.00359189754722979,0.084183199961147
7.9471054304646,0.00191279400928364,0.0995817180287148,0.25979443775184,0.148656038571056,0.0638046783792698,0.0744605033477619,0.207240984536017,0.0311719105538894,0.0104553141884625,0.0525416911039903,0.307499875628001,0.740679418309119,0.00155265069186663,0.0305126317810912,0.00312217858614327,0.000712581618192734,6.77764314469999,0.309693358402565,0.00115040204611932,0.00344696169365539,0.0135754244252897,0.00095785328525156,0.00852147170290517,0.0536374963132735,0.0508774950866569,0.0141203930937141,0.00197230220415459,1.59025128129124,0.163406599164714,0.00232409630672101,0.00791891996303948,0.00296865035278814,0.490891238674187,0.19897301601852,0.00292930481139843,0.0108716790100634,0.0012787207142889,0.00217934016474019,0.00198064904028287,0.0014542955492065,0.00513986111672242,0.00220697170479307,0.0111609718485148,0.00273595502416358,0.156846632075778,0.00257837736783339,0.00694444557331384,0.238514263269677,0.0016940037532821,0.000862970306613589,0.000802679746619704,0.00575055619469665,0.0216921384329419,0.000991288974783175,0.00472250621058434,0.19289795948274
8.71403426341697,0.00250529160155094,0.043381915007021,0.224274188075951,0.140724560254421,0.0495949714872023,0.0969169552960909,0.179908601472626,0.0392586142064623,0.00632181351605233,0.0641549404436789,0.283705246952722,0.759543631132966,0.00172587451582927,0.0335267968184247,0.00258157800415878,0,7.23900292110141,0.311529087844736,0.00155952808218967,0.00427763970391545,0.0239323970030765,0.00116140819524018,0.00385192741374132,0.030606896318774,0.0968937709132365,0.0152812420001016,0.00287703194503141,2.0743478359345,0.190473748952844,0.00212702823148807,0.0046902290436792,0.00352933526718906,0.353213527984488,0.0290065653630268,0.00408228152901351,0.00916110004388083,0.00144747653243201,0.00225766251420043,0.00228958779797788,0,0.00530050682997996,0.00235669554383449,0.0161257370802605,0.000484443469492729,0.0435705378189646,0.00190914220983911,0.00141322847537965,0.22069937416089,0,0.000629489287997917,0.00134451260464677,0.00549584887559678,0.000473237131182001,0.00101419597551255,0.00332082852247951,0.134747935818122
7.4484863967876,0.00303274161133673,0.0160590050985074,0.337455997957189,0.149149340818618,0.0552089294590106,0.0442440136633156,0.210802992273259,0.0472397216492656,0.00936279939573981,0.0822662801184771,0.249300639712073,0.526410412732577,0.0011910187832077,0.0344078067437745,0.0037453666804586,0.00224123160339377,6.59105998832783,0.557634316882899,0.000816418725774516,0.00299291163093279,0.022395252935425,0.00106548206211154,0.00305854799858158,0.016643809252536,0.152718450690057,0.0216120750682329,0.00133040747306204,1.88956628610319,0.196116793159884,0.00336897500556584,0.00637820243405509,0.00177368671488349,0.75717741538789,0.00358188686972112,0.000986890449007605,0.00752955999139196,0,0.0010448605167685,0.00270811061950409,0,0.00429798179821616,0.00162459802960353,0.0158761186741469,0,0.112653475104735,0.00387002433897654,0.00117081144493584,0.266639643907512,0.00255155371828736,0.00167221676809982,0.000160710230640665,0.00517893975064666,0.000577332879001936,0.000265625974059932,0.00330561740754875,0.0851817058553651
7.34767791051407,0.00227939262994365,0.139749870469161,0.296902075065529,0.0901470889958372,0.117172981395263,0.0659190482323584,0.203915874572577,0.0177363835433142,0.0132517399294654,0.0310838895716736,0.308205615794134,1.19892196180021,0.00140977198301345,0.0376234291983344,0.00598997674756535,0.00154731986596339,6.25884023309094,0.45013689599217,0.00123183445736374,0.00506990271797643,0.0116744354757346,0.00087833911970086,0.0143837496156954,0.0306962568276504,0.05391785822858,0.01484869574281,0.00179357267961135,1.1258014776238,0.243911243827294,0.00359521068592887,0.00563380278542227,0,0.717352495803438,0.0714567827932896,0.00160888276320838,0.018306842534585,0.00219506168485887,0.00129013569630739,0.000910078197470925,0.00123167004568388,0.00268979957576337,0.00184862729305345,0.00724285957395435,0.0020041117248579,0.198733023234943,0.00336791025263,0.00343872144464189,0.176656387374933,0.00431777371913956,0.0010712691535512,0.000249831967129935,0.00929250298568702,0.00422067499775449,0.000526898713719252,0.00310104970550546,0.0786098671605369
8.12038139255456,0.00232927480723682,0.130278987808083,0.231892666334385,0.126752063300152,0.0771358619046748,0.0485256542873852,0.197421044928639,0.031490886315631,0.0144861302745767,0.0542932926261316,0.330993969701932,0.817040005479142,0.00145854680424691,0.0325261259190586,0.00399815120122677,0.00121038052376903,6.48941990189865,0.534463382798625,0.00123807781088117,0.0045147493023204,0.0125504570809732,0.00103058824885222,0.0182293401701756,0.0426566942481488,0.0136273295346242,0.0148861443013095,0.00213000611840666,1.29436912157277,0.32913417262987,0.00520033068578946,0.00354489650518229,0.000609400018451213,0.831047296640778,0.0332564057212937,0.00230724017497457,0.00814499784395002,0.00105611866395415,0.0012519766061039,0.00201870601964468,0.000723357372186645,0.00275681828217076,0.00150004948347778,0.00944397301192579,0.00148965193794309,0.220441378614708,0.00419728648562359,0.00289571493136384,0.140429667472186,0.00813617625078789,0.00219730135478439,0.000302006203037475,0.0077730433163665,0.00338429420132633,0.000578014208760857,0.00286795697556886,0.0686089225345833
8.79328937885833,0.00222487891239706,0.0783792917705952,0.221892082031397,0.153367055277901,0.0970847154188296,0.0623233290235398,0.172910508192124,0.0298373635322903,0.0339411750706622,0.0449864705776619,0.318404926833381,1.2299441060218,0.00123168248529883,0.0359934572543351,0.0043905371835228,0.00114726666954468,6.58235527069284,0.373433402985831,0.0013327798014198,0.00409279616299075,0.0178471078519341,0,0.0150985086455826,0.0543090528514873,0.0135985552824822,0.0147557828979973,0.0014599365820286,1.7365070870101,0.283785767240902,0.00445652068529982,0.00465726815557333,0.00358202974331273,0.451884938976325,0.00257720708456905,0.00180925179001425,0.00685358238586552,0,0.00144666931288511,0.000660038453381694,0,0.00315603392464858,0.00204160342573321,0.0110058372764572,0,0.0979079443228554,0.00270439730714999,0.000367151646822868,0.214012679970239,0.00350105925651942,0.000241019736291193,0.000170051878890338,0.0111713631342224,4.46274510441404e-05,0.00156907498921572,0.00209349701515509,0.218832942649722
11.0650806471097,0.00310125670127986,0.251759063893487,0.320548591338151,0.411010694730258,0.0464548279184469,0.114249759006208,0.214371398953284,0.133802571727533,0,0.164945050043583,0.380592790842274,0.729738270026209,0.00173135880792693,0.034089623882859,0.00430260747103705,0,8.33973846534825,0.345970203101949,0.00104033901361448,0.00487864703598285,0.0590405525819823,0,0.00245032323582871,0.0181262454477767,0.0236842634076733,0.0117159563893953,0.00319881958550204,2.15077295301706,0.163721951137594,0.00165008287333577,0.00392643435264101,0,0.522909241351006,0.00230038967210184,0.00115473607912219,0.00356088428540451,0,0.00129376839959094,0.00258542352228363,0,0.00303519782928265,0.00125483111031142,0.008025641026742,0,0.100404843345227,0.00336700772603639,0,0.378859593051242,0.00108482489062762,0.00152845767202249,0,0.00582305243095973,0,0.000726508778405908,0.00282426008297261,0.16399184380089
9.90668025115386,0.00175156918626583,0.0434679720994045,0.468186795164366,0.327660959025232,0.119051334823601,0.0995824300060537,0.23444133663318,0.0698452985333751,0.0137544294077221,0.112120208778903,0.253091455184673,0.736835564674738,0.00327599726438543,0.0298917734675943,0.00457762467093284,0.00126841755301404,7.11691673084393,0.373137544656056,0.00128532443530089,0.00681346026977754,0.0152656130521362,0.00131369711638494,0.00557556662406489,0.0399680167242012,0.139148503505815,0.0139488664345477,0.0032691806086671,2.36949543361296,0.270723413555906,0.00395590526858611,0.00254369484195982,0.0030372986806464,0.46120106011579,0.110875575181266,0.00383899434306363,0.010378685373034,0,0.000923830221425362,0.00465793149493741,0.00131358137771405,0.00489789716231895,0.00219174525951111,0.0143645595496844,0.00221029034571787,0.0805949071706511,0.00280123413673588,0.00531987226569623,0.388670782028389,0.0029458880367109,0.00457436738650481,0.000539483267760695,0.00522728237972409,0.0134240834490212,0.00140177235360298,0.00589438190096422,0.129894802742112
7.782125574734,0.00130026636764172,0.19825954344665,0.357606919669929,0.113592470924335,0.171796329779019,0.104646389335136,0.225680199688079,0.0258883618328032,0.00566145628467144,0.042784158335983,0.264001394216782,0.979109439432642,0.00209008352884254,0.0288513276795836,0.00627904142331693,0.00143520861219648,6.11904377189785,0.527947166965156,0.00167126223801196,0.00569306013597885,0.0139019147878027,0.0011380277657851,0.0128190619793598,0.0461775506278101,0.10480172391786,0.0124717645195425,0.0024514514863517,2.52810540170694,0.409475215689597,0.00444625131627441,0.00973548620429646,0,0.660872056905305,0.182329986922753,0.00260689078369152,0.0140977209283799,0,0.00148470776824891,0.0023460139623994,0.00135999708362748,0.00416099608028011,0.00271280083715041,0.0178104237125336,0.0025093013445693,0.167004822873835,0.00362756739897077,0.00394029605865692,0.209962146820202,0.00277752421011992,0.0018382782038602,0.00116640001128406,0.00578764854651709,0.00830592529219103,0.00122341628605323,0.00295687077047921,0.0714458125370444
8.66933933007532,0.00310781618531814,0.00420552374702596,0.334190021653324,0.250975973906738,0.0881179760056374,0.113246902328842,0.223808654837024,0.0569503114470978,0.00233385587730271,0.0927686449868684,0.326310294126364,0.718273194958393,0.00203451203800617,0.0243917691525178,0.00571069516194083,0,6.47261189067508,0.460593879586798,0.00108077516609269,0.00370263328833737,0.0197649614909214,0.00101468918539692,0.0056911874773155,0.0113943033438588,0.071641762350069,0.0106952786559057,0.00177571211522926,1.60444095069635,0.250958104740469,0.00391138969052276,0.00252702980014126,0.00250029269423167,0.530104951287706,0.0201036988712266,0.00144344930382558,0.00399034594839965,0,0.00115515561008721,0.00219901258435574,0.000901022426439264,0.00565853429973281,0.00181546088487562,0.0118434047921387,0.00158602995230803,0.0791022364455561,0.00267371821607269,0.00230469666244801,0.239803818732255,0.00196761488075334,0.00102378167616751,0.000331274088306566,0.00331219641604669,0.00388866346228204,0.000324915929476589,0.00266165403203939,0.0465899980785052
8.04874027514736,0.00208755386734515,0.137686110851803,0.339874000425597,0.124750392824465,0.0877669285374142,0.0568228325086537,0.189766541179617,0.0282031148167905,0.00323185100897121,0.0457126451854081,0.284422202640118,1.25796662879426,0.00124496628851878,0.0363037753783368,0.00312311677547332,0.00201357833329238,6.64277978462678,0.45475465421321,0.00120724314789705,0.00300143902630919,0.0198332666257083,0.00103996389153231,0.0171760766132844,0.0146345891105094,0.0182955692295365,0.0192814227567731,0.00171717689733373,1.72701524836661,0.22172399487032,0.00321214037412507,0.00250999181774236,0,0.610104198231548,0.0390841242181402,0.00132826100285933,0.00899002605989719,0,0.00206671486606234,0.00104377110591506,0.00109581874206062,0.00333205678291694,0.00171606929228321,0.0123183247670232,0.00196199330851187,0.145695997798718,0.00298261007157305,0.00352352636537069,0.17154937035474,0.00202147411691929,0.00103433258904724,9.77516920110841e-05,0.00963812948313368,0.00557373516786292,0.000492256770177594,0.00340048707324477,0.0748213345471598
9.73005608221714,0.00145661195772824,0.204650169481463,0.42224497403713,0.212109957641495,0.158199947689683,0.0940166106921318,0.251183818786026,0.0500966669320341,0.0122846784850651,0.0954383708288504,0.290730474733321,0.680577368151285,0.0021871345703544,0.027060853002109,0.00518325133316463,0,6.56825197908019,0.547514542735483,0.00123144385596118,0.00469534415978861,0.0114423984913919,0.00138369719712451,0.00417253962070861,0.0199959805916924,0.215794282513755,0.0106741700554762,0.00225621293239103,2.03906500280041,0.210874931740829,0.00460037179902757,0.00406219179057557,0.00106977404042562,0.685698170625533,0.124368566913321,0.000994546036701687,0.00536173608365938,0,0.00104830353551591,0.00319232761913876,0.00191585873735728,0.00389991976417709,0.00183526445277482,0.0124381664396152,0.00340096683511727,0.0955824420320406,0.00249132979977994,0.0034267127245533,0.205394782696589,0.00154963942946086,0.00265565731244462,0.000438607277435157,0.00367335568389416,0.00783194735077652,0.00102968402559099,0.00276599536886828,0.0588080987520085
8.70872899713005,0.00243440041979356,0.0188192407442825,0.371330158476249,0.170242273515595,0.0920055856687503,0.0585199122241913,0.228870715139213,0.0388680562962205,0.0152981823670094,0.0691492986434293,0.240986794865436,1.08365161153092,0.00178143528539921,0.029637167388332,0.00529809474434191,0.00158843310093975,6.68733002921455,0.569693830329823,0.00135997847239048,0.00408916176011752,0.021312367882985,0.00118742636730448,0.0137868611039171,0.049017131989346,0.0852724232559376,0.0162162678415146,0.00274130028151267,2.1175500799988,0.346837500430055,0.0045698907899846,0.00463387617899531,0.004245152974616,0.762196730333644,0.00270788758927052,0.00222594918239079,0.00854706401641899,0,9.7187242186617e-05,0.00132534072220343,0,0.00444629658000281,0.00227120713175722,0.0150499106129696,0,0.153808801419694,0.003842099780076,0.00131080691962208,0.255888809753598,0.00385562523916598,0.000991169893171581,0.000182956582275917,0.00783358338558114,0.000433918787303806,0.00124794615119275,0.00459510156068992,0.158657053370186
10.5060572877387,0.00158174239992815,0.0923128687545275,0.343942811173559,0.142841926205205,0.103326805303657,0.0646770538036941,0.234726300278016,0.0371149544287878,0.0128152066545189,0.0568243566516657,0.275596422851626,0.531632029477427,0.0036624448423121,0.0429011834652841,0.00480534848405874,0.00113010603340971,5.75944089819113,0.392626706937841,0.00103326692249006,0.00627420394954217,0.0121685762898305,0.000800673899010702,0.00680142871478844,0.0492282343998878,0.171338069490618,0.0207040296440998,0.00220475333274328,1.83178051548091,0.276545227857503,0.00378303217241692,0.00518669615363208,0.002318346879957,0.46082219257532,0.105811759329438,0.00217262494818744,0.0133820791259534,0,0.00219339167961153,0.0069437480238627,0.00176069472345682,0.00302585513847519,0.00202524252093712,0.00865152083068724,0.00317119643313171,0.0629892530380644,0.00148026779389928,0.00314011611522568,0.215903785496942,0.00113094088221145,0.00634519226225051,0.000807607550058419,0.00338552667790684,0.00775377433279516,0.000942297366464218,0.00223572144412067,0.0740715337526302
10.1748254323311,0.0031236358998005,0.328637082425393,0.211064820463337,0.197965887191461,0.0756112851520555,0.0684042682423592,0.15849828599195,0.03954664397661,0.0205643314033187,0.0579623115614503,0.490945476904957,0.909039280526133,0.00131049491487534,0.0385980676624168,0.00422279071005915,0.00132374739033131,7.07819212645955,0.371482212929735,0.00117013820030281,0.00349168682581765,0.0119915119031412,0.000570243352618864,0.0056495344320162,0.0250582187802081,0.0944654105796761,0.0113760356108528,0.001955901195659,1.1479097474115,0.196439500468851,0.0028892784435218,0.00323250029354626,0,0.5533757486904,0.046331336432452,0.00229749323734664,0.00898296006944789,0,0.00220521969334775,0.00198965022349066,0,0.0043418181269019,0.00206140486555671,0.00785845346850619,0.00166027394548753,0.119507810360427,0.00290056420068191,0.00374615486659406,0.209944311954589,0.00265907381700194,0.000773645091109294,0.000384796128728509,0.00869456134124624,0.0028055882405365,0.000632938176496897,0.00331125915007643,0.156534300495676
8.40817761443626,0.00198899510790214,0.023890816325089,0.142752196152845,0.100763026190981,0.0867750843769109,0.0839691065407672,0.171264335879056,0.0148475231678081,0.0237303835237072,0.0253763837864287,0.40916304791632,1.21948906457096,0.00106455664471563,0.0242922892243732,0.00523245163134568,0.000854841345399604,6.21273809287437,0.429220084792474,0.00107185022729724,0.00388030993388804,0.00815156286704045,0.000785020495056684,0.0152111989374591,0.0125260721916559,0.00302723516798992,0.00838195779955085,0.00230256898904073,1.10134965534552,0.247330827007132,0.00317712394127331,0.00375026666748296,0.00532105625586686,0.662092092938268,0.0513444147778426,0.00317176636119989,0.00595996203557417,0,0.00616154939812031,0.000679345467691887,0,0.00271582876957151,0.00228579280723113,0.00842580945648811,0.00223900326952602,0.0944739021423347,0.00349918556944079,0.00397324994161534,0.10633598407483,0.00275674133042232,0.000530736083071644,0.000792232005654999,0.00956788800766307,0.00395140607119388,0.000875144077917356,0.00321990683944993,0.0887205070473211
8.92497412144625,0.00333097916879448,0.163480820849223,0.275474042799231,0.144972677057234,0.071310275769039,0.068861745594437,0.200244283485962,0.0408005377803918,0.0174213020994017,0.0577058248635961,0.307261555835444,0.843677088342394,0.00154971766857518,0.0366598748501737,0.00243753372921271,0.00115962434392422,7.13272009302708,0.431371689265353,0.00123066358749069,0.0029357827604714,0.0186018293214769,0.000778765524808281,0.00672283921545219,0.0397421950921176,0.0543604417321012,0.0091881831599412,0.00232388135087875,1.30311804198672,0.186696009888259,0.00215818427972049,0.00344591968602514,0.00120578072562076,0.704335669486092,0.00350277405111779,0.0020375697633782,0.0100762347689312,0,0.00158985692923113,0.0020180083933438,0,0.00415873680226568,0.00177365960763622,0.00839112280974308,0,0.170069972038128,0.00391767813749297,0.000638766846511724,0.167389818932494,0.00199408800677805,0.00104423440377758,0.000381929544059736,0.00558739144625625,0.000106686144178359,0.000787279506107241,0.00246425472722985,0.121992448354816
7.61540070020702,0.00151696911482222,0.0941627588422205,0.202277650598174,0.157415352001233,0.049067900826067,0.0619425575259812,0.131856334425381,0.0325138118387899,0.00766516738483114,0.0508403926158918,0.326141008799058,0.542167848410201,0.00116300933486965,0.0270783162319654,0.00249066139922041,0,6.22372648756358,0.215507622117726,0.001432544144799,0.0040933522428392,0.00957119213633112,0,0.0027660445410397,0.0289152939695147,0.00426694256717166,0.0111187102474128,0.00117878128889516,1.14884883247178,0.252299249117745,0.00294891641425816,0.00409530565356617,0,0.173441472373707,0.00978891389302386,0.00447563383382375,0.00789607191770996,0,0.00232848857343723,0.000882545819824285,0.000892528604375135,0.00571035038928581,0.00234598610355896,0.00867043029360313,0.00104851168536189,0.0509165568853522,0.00190618894839234,0.00149884649733633,0.132638453079345,0,0.000397420693638397,0.000671708703551753,0.00481641731324717,0.000845758087542005,0.000836141228462834,0.00342500935520525,0.127601793927842
8.06101529482452,0.00284547478161745,0.0132413293346212,0.169402646390585,0.0759573325246276,0.0559997727776444,0.0655490527633372,0.175162819187816,0.0140375953916968,0.0057351658341616,0.026202761287124,0.270412817253314,1.33026380961672,0.000819974698984917,0.0314241798305205,0.00307170335768405,0.000756472842265179,6.53631892015557,0.353028824858091,0.00135361601275078,0.00331737239377828,0.0111821795845156,0.000490659476002277,0.0122676833272729,0.0241091865862297,0.0120767431591081,0.0114839879272437,0.00150011620698398,1.20621183566307,0.264818755186957,0.00413801006850511,0.00567778456918716,0.00530090748776296,0.467883872494061,0.0563060417263645,0.00435472788433556,0.00622028324494594,0,0.00203230911410433,0.000591455580496072,0.00107532886660078,0.00345196236030857,0.0021021165375141,0.00840046251565408,0.00228656346562185,0.133887839912079,0.00263940254559881,0.00557454612651824,0.120729140599338,0.00147856246427156,0.000409310748618495,0.000433229791451182,0.00957975813288883,0.00893794220204542,0.000973575088250949,0.00363552348380633,0.125428623470658
7.71696125922134,0.0023056327271912,0.152603074094578,0.179709253146008,0.188018767790064,0.0491458090252479,0.0864731204195153,0.173938952708573,0.029514658328054,0.0106676984555856,0.0473725023736188,0.402549282381786,0.629398599000795,0.00116191541972635,0.0374038101362289,0.00409487903984211,0,6.78176228641856,0.173909174925412,0.00144871926542316,0.00523406271629094,0.0152580285415002,0.000313427608163019,0.00228050419294465,0.0385318635400853,0.004111824915758,0.0118147510973725,0.00113801205320901,1.28705510765885,0.172827844489098,0.00258913268689765,0.0108603158320785,0.00172606931451449,0.186693837884765,0.00857751156413361,0.00396675682407221,0.0115357519043522,0,0.00399953296691781,0.000713902387348007,0,0.00523612253262288,0.00234782048306855,0.00884248055321526,0.000352510014167184,0.0579443044598704,0.00239108364016974,0.00153534404089446,0.193742799828303,0.000734032052850316,0.000313249258252486,0.000440708852733664,0.00533060089503342,0.000244144430704143,0.00146495055621006,0.00281661430960152,0.193126992592024
7.78055365131707,0.00193968041340559,0.0378162236002918,0.151353344568112,0.106078045552419,0.0931813202086675,0.0523357924182206,0.144627748110565,0.0242128735518942,0.0265693179654808,0.0346669045185173,0.299310092556292,1.17293341447165,0.000902391056714097,0.025327962366261,0.00284577657528377,0,5.58384497277064,0.318910325068166,0.00107735031339345,0.00355761348685519,0.0103412306545336,0.000350068350303968,0.0139925637829603,0.0501906695097751,0.00553988682041462,0.00484535148986698,0.00125734926312683,0.769023545732625,0.168439506230749,0.00202275185032322,0.0104631930879799,0.000508068887548786,0.522098044918704,0.00221832697159408,0.00164983900125154,0.00818650684312792,0.00173507598310525,0.00146304760128148,0.000712308490102793,0,0.00252544637399918,0.0021201809293671,0.00441937378678295,0,0.198591105677507,0.00351692779775303,0.000924162090707451,0.133348941895645,0.00191178884312122,0.00036278733064909,4.51907143847049e-05,0.0153393888870301,0.00101846544313459,0.000333459803228986,0.00290590475034214,0.123507227982778
7.26988824948935,0.00206157948734696,0.128499965146271,0.154112420541313,0.100261724362388,0.0691072370438656,0.0517895706974614,0.156559190010569,0.0217939499297216,0.0101736556430189,0.0323225752559149,0.323910443305289,1.05038024261886,0.000912691499243754,0.0385343639796874,0.00380878791536561,0.00108756600631114,6.05045098073433,0.342236495526848,0.00120654207942269,0.00270061335206224,0.0102087991806556,0.000814591405568376,0.0112290485225935,0.0373066187062212,0.00150889430801051,0.0114460065081764,0.00167303719003142,0.879981288681837,0.164144247036137,0.00281425889799926,0.00285091905190259,0,0.615697520985239,0.052424851431996,0.0018256825014202,0.00372477514239337,0,0.0028236346918927,0.00102293507836191,0.000823720760081081,0.00263437415841832,0.00229860847445608,0.00616329549344975,0.00184272521323208,0.181026188690459,0.00371726505533343,0.00463045507771888,0.111195421633113,0.00119218832483937,0.000455379348815309,0.000647805837481107,0.0108360428917525,0.0122724507614396,0.000655121209367816,0.00184871342231504,0.111145748089539
7.78444847655116,0.00247282893493774,0.0234452101044029,0.133415269104601,0.0864395106948907,0.0697612442114459,0.0698648326529232,0.153246601338165,0.0174448485123688,0.0151893146144372,0.0270312045132152,0.362211192179419,1.06169787118421,0.000888143629826809,0.0278956170016239,0.00414577755802075,0,6.20727191792408,0.368937903832053,0.00117105507396466,0.00424981206345269,0.0103528677285065,0.000521599334335029,0.0116674535645702,0.0240800118459416,0.00155025002506492,0.00937089905776304,0.00142351324451782,0.860082577065999,0.199971366603706,0.00290928610011464,0.00346872355544086,0.00293316540997015,0.575043757260107,0.0353415791964162,0.00220542896947985,0.00507076099842004,0,0.00411296164242248,0.000477842561303449,0.000452477118448544,0.00240804396607921,0.00184460028039196,0.00616858592472451,0.00114829948029279,0.100887991889501,0.00279964609986577,0.00366548925958397,0.100290414975664,0,0.000321840647238701,0.000821907824723551,0.00700523240130115,0.00133717010896508,0.000706599139699567,0.00240910092041597,0.113788281376142
8.85264054318906,0.00304381125316833,0.00308598501925857,0.20161110474298,0.0957579299350794,0.0758074985426938,0.0689556683577689,0.186972227951785,0.0168313399675107,0.0152069069059343,0.0262950981864466,0.292602408115882,1.46689801038209,0.000724827950812949,0.0332155365094447,0.00390701313479089,0,7.19360536517332,0.364467501063653,0.00142591720247843,0.00364136033861924,0.0258433470771739,0.000490656796983658,0.0171040215123367,0.0208530675869795,0.0110491598582741,0.0153799519160486,0.00121269677450343,1.28878267670965,0.230133161707148,0.0033713084649211,0.00457652273540056,0.00761942556043139,0.500338467714904,0.0125117067343624,0.00333295255359702,0.0047097926700588,0,0.00215451744394427,0.000463354668185729,0,0.00241062955310965,0.00211043645785103,0.00593288978469884,0.000926784563028266,0.150906752993774,0.00309228260150466,0.00101367920049374,0.123401244647972,0.00143697694809322,0.000234022178546194,0.000393647690870753,0.0105316921482908,0.000170219168659869,0.00128466845134095,0.00235856975053717,0.145271654606672
7.7052910710816,0.00210426648276084,0.240492108419312,0.22018389438083,0.181847331677167,0.0606578339336037,0.0579047830183066,0.157889038892715,0.0369932133678374,0.0235843621406648,0.0528703643272583,0.383743110646855,0.950185696492953,0.00114249033860099,0.0366420566446008,0.00359278782679228,0.00108995218728555,6.41158555715862,0.345529976095057,0.00110654978116763,0.00359936104594781,0.0116613149519128,0.000807255154886415,0.00974972141332966,0.0220121276292986,0.0544984179363668,0.0129200496097171,0.00165801167694065,0.957072502871881,0.228369101101218,0.0027936430275034,0.00480384319083603,0,0.513033511465613,0.00840320194006157,0.00168156220424067,0.00441581196221011,0,0.00169949582978678,0.00140781810989508,0,0.00330544666464018,0.00220241980374922,0.006628183274812,0.000585340437069326,0.102450801477152,0.00269792696931774,0.000886905389051897,0.140698139823875,0.00283646289739406,0.000597139926420059,0.000218233134931651,0.00731958606345563,0.000807059964954856,0.000288887705716852,0.00325791156099183,0.0972946245086438
7.45167130927767,0.00175129903854895,0.166627201137819,0.1912665623906,0.153794292816816,0.049290904919298,0.0572096045743598,0.167088909968718,0.0295298559503923,0.0100569397183326,0.0461117321174543,0.387427341273265,1.04722102579522,0.000944280782226382,0.0402063356275393,0.003742032482307,0.00109004282203743,6.25866818882039,0.342847858084364,0.00111137579199603,0.00368422444296293,0.00822141732733571,0.000924645956548053,0.0112617010812825,0.0265290994254821,0.00133345220312766,0.0124062414420945,0.00171008773934731,0.867966257036947,0.160619165880432,0.00286061747576542,0.00189441477833636,0,0.619783089918762,0.0267267517513183,0.00158364463612433,0.00410426754254435,0,0.00173861270432284,0.0010349754800367,0.00130155799875887,0.00311760358494643,0.00195055135621304,0.00660236627764072,0.0017679425804673,0.188390005658741,0.0044002770213297,0.00316075170832664,0.118278995631935,0.00139841752540827,0.000542065770489898,0.000596331254275108,0.0100129819822352,0.0156588713256244,0.000493370247570068,0.00343138189375085,0.103041924930116
8.06108703060787,0.0015762454918311,0.222913855095653,0.179756220478608,0.173352910504469,0.0637944930348322,0.0732095373795284,0.15951802641008,0.0343152721980575,0.0112509654462771,0.0510545955457166,0.407043409627709,0.850024236854781,0.00106178786034425,0.0378660032282233,0.00360211404795716,0.000548427675299311,6.59494926227816,0.31583338450097,0.00124885402294863,0.00340697438318888,0.00827772401539745,0.00125673838243895,0.00410112112207087,0.0618433088658198,0.00997446458372218,0.0143223281983884,0.00188017979988301,1.42820394702872,0.153188125132799,0.0025211323137728,0.0102755703267492,0.00120162952563126,0.555626848026241,0.157777397933788,0.00189290783519068,0.00437831545419527,0,0.00177231823645421,0.00149992146455154,0.00106767259000502,0.00427981506211304,0.000166239619941143,0.00979735938977118,0.00189130203712979,0.136794289845067,0.00283951209486442,0.00695606282755101,0.174065267634201,0.00144764349654962,0.000484241246602829,0.0008499375925565,0.00768002878115889,0.0141836696648728,0.000989852113284137,0.00396266354650925,0.188875188887671
6.5461066572961,0.00142101952188787,0.0645892658313803,0.151362199480088,0.0897912578919358,0.0871506982683519,0.0756991988432531,0.175558558498115,0.0135730862838075,0.0126136402428441,0.0227051379784056,0.312685342830524,1.07421067831983,0.00374997098703556,0.0252462203360572,0.00405823373424415,0.000877615793665787,5.1504617863694,0.347491695272904,0.00101568041929536,0.00375789246223062,0.022512360371014,0.000619017713912236,0.019791461392144,0.0187801509336302,0.00216223650788355,0.00837409352619218,0.00193604067421075,0.9903391294412,0.236226548458179,0.00317928960305913,0.00229084688468849,0,0.564582705596512,0.0693643648182335,0.00191045252643724,0.0050202894504135,0,0.0036066741423405,0.000837796816079846,0,0.00247992042562768,0.00229686713330432,0.00696986604714317,0.0017603626997256,0.0836629024665559,0.00320625487224773,0.00338765489354886,0.097463685595489,0.0023348281112883,0.000463691222600238,0.00106971706557075,0.0091210866950897,0.00439705075963194,0.000562216851600137,0.00219495371426077,0.0744823543150257
7.53736674197649,0.0013761837041373,0.10931889829757,0.142552489007978,0.0791281859730405,0.0504135065546015,0.0643751645378312,0.163167979481069,0.0133466454555743,0.00909844272402253,0.0209849668973533,0.365824058150041,0.870278141048336,0.000738609742266912,0.0313023191091119,0.00418070073375234,0.000839748233181837,5.90310228978001,0.273838152600929,0.00130571537091036,0.00453900982408558,0.00934112026213799,0.000469202013095171,0.00344653790156558,0.00774359788902879,0.00250041135989528,0.00987080700693117,0.00118920692131715,1.09906345225772,0.11080388668808,0.00180864985200507,0.00702637501915881,0.000851646019778545,0.420644650394037,0.0835585155776874,0.00276179644257408,0.00329862356062636,0,0.00196903779722254,0.00038424612091457,0.00467350627540476,0.00378647164376277,0.00200895136398122,0.00662841625346962,0.00264185541251536,0.102965089493267,0.00177250561580748,0.00467205871484732,0.163401757380448,0,0.000135961151378144,0.000888449146481521,0.00657460210825071,0.00522648860693615,0.000653960526997487,0.00350282079908173,0.0898678124324356
8.22373143386712,0.0033352314453206,0.309057020878241,0.337628416804037,0.148153395572179,0.114885687994545,0.141679617333251,0.186586027155651,0.0273793790607369,0.0206046538876066,0.045014448577539,0.473753776836531,0.835738159800777,0.00137265203827266,0.0395128102273968,0.0064873282054571,0,6.29885918694962,0.439219073520827,0.00181684306106866,0.00562788522246813,0.0417610883836658,0.000925199802809187,0.00445004772067626,0.00701840954596894,0.0498243291916383,0.00649465536716384,0.00170714128451172,3.07013232169898,0.191872530261608,0.00205814968215602,0.0276017808785476,0,0.7003314331293,0.00484727821554969,0.00248085917140944,0.0121803388221825,0.00105208987402898,0.00104787901772599,0.00342397002229353,0,0.0031275067290911,0.002596436393416,0.0187215011827401,0,0.125821317379311,0.00303016833329965,0.000502068994303232,0.187414658470884,0,0.00175215752214373,0.00318327198712195,0.00490169568847714,0.000236328561668603,0.00161407756078047,0.0017663861612577,0.0588475783162181
7.65001619216411,0.00194916854566373,0.10785017811684,0.232683929250936,0.130189713224161,0.0784606266980174,0.0854205988866564,0.205485840989547,0.0242639041924866,0.0169195941057019,0.039980449195379,0.299216418206752,1.32380389358873,0.00235063001566255,0.0305521763775436,0.00570600547232703,0.00089828397973128,6.06312422734323,0.410978310016432,0.00118734891785404,0.00393816748742715,0.0129200827763171,0.000925302078965686,0.0132598848505814,0.0398087803374398,0.0208561913024156,0.0112452480796637,0.00231349870730697,1.62291503704796,0.192350655325672,0.00184450372275374,0.00642542578027029,0.00215587100682133,0.645271567815993,0.0119865150970522,0.00236675489188353,0.00909664441556131,0,0.000822148222033333,0.0011932538880397,0,0.00290492048461129,0.00183109035617567,0.0101504653681812,0,0.155913873479936,0.00340200429227042,0.00105902222380294,0.211956163673578,0.00318533937440581,0.000661278374671101,0.000135602391044554,0.00824505253863844,0.00057333508588699,0.000965316081368067,0.00225167432247324,0.131394097352553
9.04991518851145,0.00302086551847725,0.17603832809341,0.275594134787526,0.162303036308909,0.0738001298130989,0.06633441485606,0.215496654970644,0.0385263248449128,0.00509589902034593,0.0654161632630173,0.285237256195506,0.674782205612218,0.00145037186953496,0.0359346472192764,0.00616988490671581,0,6.58670642496357,0.441585678119421,0.00104205804773543,0.00359273487065604,0.0207192653511461,0.000805384421639393,0.00303616763882651,0.0487767006999625,0.0200921853070744,0.0151823281872376,0.00187994221300174,1.67569012222052,0.163360191157899,0.00194291116266666,0.00517500789557068,0,0.650629193428745,0.0897330023743997,0.00141331149627577,0.0108963557339106,0.00125921315155008,0.0014244662447065,0.00262321072770449,0.00133765666746677,0.00295518558197651,0.00194400841152004,0.00971774336921551,0.0033492161310087,0.113651364902105,0.00218383675720104,0.00360875389223158,0.248257636651773,0.00154015516088303,0.00159997256390856,0.000133199701803476,0.00544658613667093,0.00551678294567078,0.000442108090326191,0.00154172853604619,0.0855451196887775
8.46721521428021,0.00156338916505743,0.213501267731038,0.281464784902559,0.151522811483569,0.0741459744544372,0.0602017903937151,0.212064706361255,0.0377978901766388,0.00893491618905541,0.0640233228993762,0.298207910251215,0.657861403389378,0.00135293244996177,0.0391068989769132,0.0068405747018482,0.000578006162706634,6.9986825777891,0.461097435355311,0.00128958521690984,0.00428956619817047,0.012638641557383,0.000924207439613065,0.00323110158843383,0.0345516886206713,0.0543885214350476,0.0204415320822504,0.00158454882945898,2.24713013069393,0.188675969869879,0.00241445500102571,0.00272087136145711,0,0.623165492503891,0.0828450558470843,0.00186784373000821,0.00541445129889043,0,0.00075692415946502,0.0015332370850385,0.0012074770117292,0.00424739144316694,0.00197852980452573,0.0172662473745052,0.00257555055991023,0.108026661889181,0.00216974542799088,0.00469599146576752,0.315934075796875,0.00159510226853588,0.000785181426128035,0.000185139078332763,0.0056685350819177,0.00553674504313692,0.000570333552713178,0.00544763042552548,0.0990478285506558
8.07447281537265,0.0019868714308844,0.152691861951895,0.356380693502096,0.167774346075855,0.0868527894985787,0.0452232501263511,0.253507551624606,0.0415721770176862,0.00831235838453116,0.0662108906427939,0.253326480171034,0.559477690502653,0.002268700443331,0.0425796914402724,0.00887015501152518,0,5.88174489230532,0.492586971576179,0.000959472047876779,0.00352394257109034,0.0136933048692347,0.00127744614136834,0.0020192605927318,0.0354285201047748,0.0240386260489833,0.0177538383298239,0.00249167486875832,1.67086722054056,0.107998840800471,0.0013233380026017,0.00485105141996821,0,0.800212472607614,0.0149734155733684,0.00240458911944271,0.00347198334362661,0,0.000791814967219219,0.00226993704562587,0.0006618844139408,0.00337996281620979,0.00170191831715845,0.0106405060294106,0.00118592834908577,0.182946989025789,0.0033956340936892,0.0019529114713194,0.412894575146765,0.00207981239809848,0.00132735481290592,0.000396171955947462,0.00349892992146874,0.00293722262172106,0.000213364207408321,0.00481098606339928,0.0643510661768591
7.76456204234064,0.00128250302859506,0.226743685683736,0.293760836588956,0.189424443043262,0.092105144514403,0.0765502526761533,0.170611309682968,0.0373154154260629,0.00382041042198399,0.0569826915167991,0.284862971277253,0.630352465354491,0.00144762760820848,0.0340952284828521,0.00457483539358886,0,5.62414459714691,0.340515162542464,0.00123376989326323,0.00407709918149345,0.0100598816387952,0.000678592220065711,0.00204918210436006,0.0614593567222803,0.0453055312013063,0.0121911601426525,0.00164639983451562,1.85791944947,0.1292712000639,0.0017310883562045,0.00210366161205151,0,0.518393428886522,0.100109593913143,0.00169050121032787,0.0102358270703411,0,0.00120095887586015,0.00286284007258892,0.00142728331964188,0.0037983707313928,0.00204645143683405,0.0114817531782684,0.00265499632637299,0.118764417368273,0.00217652345160952,0.00406225325276855,0.265253460941918,0.00123897178692336,0.00216632074104086,0.000672883884427307,0.00500866235431521,0.00635341521535017,0.000437665306385022,0.00328183967651058,0.0772475404804258
8.80019938919663,0.00393446769515551,0.00452502818648169,0.26408071635325,0.171521511514626,0.0697406881903935,0.0749102521731665,0.163957176129875,0.0346653192696635,0.00594590654324798,0.058528131870404,0.234826275786842,0.794447096081665,0.00141376339494644,0.0303581615244716,0.00394833880187531,0,6.03139450954731,0.364828461175232,0.00143548500819555,0.00337843137930105,0.024762156522213,0.000635680370069442,0.00661747883473846,0.0115140413330488,0.0378637920105583,0.010527237548458,0.00251606538497108,1.92773834911325,0.17032416107332,0.00174092289023267,0.00204447117552226,0.00456574296552375,0.57224864115047,0.0411857361791027,0.00198462979845547,0.00800412408639998,0,0.00164259536339969,0.00150167320309116,0,0.00367960643689227,0.00144616232208235,0.0106776501090407,0.00129134777184491,0.125192577726626,0.00245126876722373,0.00301692396948622,0.191870204184326,0.00162203533374678,0.00197178815456542,8.59054769142436e-05,0.00490023010483925,0.00121176400756563,0.000411099235521742,0.00120742043432457,0.0691366134982751
10.0146566616974,0.00174065513085367,0.0709400740587212,0.29285698550041,0.170181153725183,0.0945715240716319,0.0813099644174502,0.202291357958439,0.0325301529705951,0.0171404262087918,0.0483491683391764,0.353865138179956,1.33828772029091,0.00132942281484049,0.0340763954196319,0.00566001822310752,0,6.55457346808681,0.422649714527083,0.00129382081454531,0.00423333169950945,0.0141647957096344,0.00106796499412371,0.0104508991222667,0.045135816833669,0.0170044476853277,0.0102204470379685,0.00202923950993162,1.83135253723845,0.189330377752238,0.00179009893824504,0.0120454999878416,0.00107678936438142,0.662419181935996,0.0113834523862922,0.0022049712725639,0.0113091358171878,0,0.00109936274007968,0.00118851021373571,0.000958567874620704,0.00307794125079306,0.00259404479579196,0.0110067841870867,0,0.126445162327518,0.00252581064490022,0.00184537488953769,0.301009436362013,0.00253550155737973,0.00086208557842624,5.83061933776655e-05,0.00951464834913785,0.00190621830083616,0.000821146376393252,0.00512367678369546,0.178623195669569
10.2098677611926,0.00180234695151092,0.128997461456691,0.26236413210617,0.153148278465156,0.0731220927918158,0.0737154165354451,0.183661494410407,0.0319483577985617,0.0164410438167089,0.0556334648131231,0.381987189627808,0.998916765048048,0.00147924660481115,0.0357873482649909,0.00483979592208378,0,7.08936302178687,0.40862032323464,0.00142730709976613,0.00456406513955634,0.0140066672589037,0.000792102532873791,0.00833336206658627,0.0451660710250562,0.00394257264286095,0.0141563395652209,0.00205865711993228,1.95576238696025,0.264221897763776,0.0027223687005146,0.0061277531302657,0,0.615695524859451,0.0506745625339254,0.00359549537989981,0.0167980751979521,0,0.00124369727157561,0.00106678323632451,0.00120822690089483,0.00364827021807425,0.00225906295197247,0.0142898629150039,0.00257567699030224,0.158355870803015,0.00382549549192118,0.00383053303136702,0.289014035052393,0.00196831721862684,0.000685872708502007,0.00015085749553438,0.00940675109053167,0.0100084892587362,0.0012552574893045,0.00707432660148208,0.24307220823794
8.84581298056898,0.00212174592507915,0.0135367105984953,0.254213444097852,0.14192190240196,0.109566109956543,0.0991839911237407,0.15487582329666,0.0246277673791068,0.0335082455703729,0.0408124899219806,0.263160536896854,2.09867199963109,0.00123655372149496,0.0286918110665956,0.00300092407685343,0.00150344778295577,7.22115089180719,0.295608228225176,0.00161519641284529,0.00332395520698001,0.0120624708162566,0.000313352030268268,0.027605004609381,0.0327576716984409,0.00405663536795624,0.0124438770355599,0.00253797612764784,1.61474487456442,0.172577782953773,0.00183010915070155,0.0091161111869116,0.00584860904326936,0.491649469431042,0.0264832072188828,0.00216834188522881,0.00831994765631783,0,0.00131711960903487,0.000700578643361551,0,0.00319256149142283,0.00188334925143573,0.0113398938822071,0.00169008309889643,0.147395258369407,0.00322010374308143,0.00318423334631055,0.181089992061622,0.00131611180709741,0.000375234420232302,0,0.018865897222808,0.00418514121830901,0.000513906216302404,0.00382466727031419,0.172464176517285
9.44276596932567,0.00156621008073669,0.232653295594005,0.238334538967632,0.131084286397572,0.087692721669784,0.0831948133818491,0.242450062390865,0.0258884127893722,0.0150029702145674,0.0448524264896451,0.36896516676257,1.05981643974787,0.00192965652373697,0.0321133708375439,0.00695102758416773,0.00135719227754143,6.481592549114,0.525091419546964,0.00112324378106724,0.00523351786796265,0.0114717774666004,0.00122844651473676,0.010846485853595,0.0240362749624766,0.0710747505780588,0.010740811486546,0.00279474265337968,1.58147002307272,0.21712772432247,0.00223867286939502,0.00475503563498204,0,0.820437406449476,0.0490434793631904,0.00313557060190961,0.0140246575095879,0,0.000962945255313593,0.00199509070760589,0.000797969584246178,0.0037176016186815,0.00191655405075891,0.0104413017179561,0.00198530808687129,0.191464186054155,0.00325891407573158,0.00284358376781149,0.24066783305357,0.00600472908651144,0.00117779022901221,0.000575209125032679,0.00715463526068392,0.00458542467189952,0.000664980727753175,0.00372640119634786,0.068135863283046
